{"cameraMode":{"drawMode":0,"name":"Shaded","section":"Shading Mode"},"sceneLighting":true,"audioPlay":false,"sceneViewState":{"showFog":true,"showMaterialUpdate":false,"showSkybox":true,"showFlares":true,"showImageEffects":true,"showParticleSystems":true},"in2DMode":false,"pivot":{"x":0.565767765045166,"y":4.997819900512695,"z":-7.252781867980957},"rotation":{"x":-0.010552008636295796,"y":-0.9894586801528931,"z":0.10008493065834046,"w":-0.10429885983467102},"size":7.467226982116699,"orthographic":false}