{"cameraMode":{"drawMode":0,"name":"Shaded","section":"Shading Mode"},"sceneLighting":false,"audioPlay":false,"sceneViewState":{"showFog":true,"showMaterialUpdate":false,"showSkybox":true,"showFlares":true,"showImageEffects":true,"showParticleSystems":true},"in2DMode":false,"pivot":{"x":0.04339304566383362,"y":-0.014328505843877793,"z":-0.0667290985584259},"rotation":{"x":0.15259391069412232,"y":-0.0385374091565609,"z":0.005954572930932045,"w":0.987521231174469},"size":1.0159752368927003,"orthographic":false}