{"cameraMode":{"drawMode":0,"name":"Shaded","section":"Shading Mode"},"sceneLighting":true,"audioPlay":false,"sceneViewState":{"showFog":true,"showMaterialUpdate":false,"showSkybox":true,"showFlares":true,"showImageEffects":true,"showParticleSystems":true},"in2DMode":false,"pivot":{"x":-2.5299999713897707,"y":-0.16654181480407716,"z":0.0},"rotation":{"x":0.15259391069412232,"y":-0.0385374091565609,"z":0.005954572930932045,"w":0.987521231174469},"size":7.137678623199463,"orthographic":false}